prefix,dbname,project,url
ab,abwiki,wiki,https://ab.wikipedia.org
ace,acewiki,wiki,https://ace.wikipedia.org
ady,adywiki,wiki,https://ady.wikipedia.org
af,afwiki,wiki,https://af.wikipedia.org
af,afwiktionary,wiktionary,https://af.wiktionary.org
af,afwikibooks,wikibooks,https://af.wikibooks.org
af,afwikiquote,wikiquote,https://af.wikiquote.org
ak,akwiki,wiki,https://ak.wikipedia.org
als,alswiki,wiki,https://als.wikipedia.org
am,amwiki,wiki,https://am.wikipedia.org
am,amwiktionary,wiktionary,https://am.wiktionary.org
an,anwiki,wiki,https://an.wikipedia.org
an,anwiktionary,wiktionary,https://an.wiktionary.org
ang,angwiki,wiki,https://ang.wikipedia.org
ang,angwiktionary,wiktionary,https://ang.wiktionary.org
ar,arwiki,wiki,https://ar.wikipedia.org
ar,arwiktionary,wiktionary,https://ar.wiktionary.org
ar,arwikibooks,wikibooks,https://ar.wikibooks.org
ar,arwikinews,wikinews,https://ar.wikinews.org
ar,arwikiquote,wikiquote,https://ar.wikiquote.org
ar,arwikisource,wikisource,https://ar.wikisource.org
ar,arwikiversity,wikiversity,https://ar.wikiversity.org
arc,arcwiki,wiki,https://arc.wikipedia.org
arz,arzwiki,wiki,https://arz.wikipedia.org
as,aswiki,wiki,https://as.wikipedia.org
as,aswikisource,wikisource,https://as.wikisource.org
ast,astwiki,wiki,https://ast.wikipedia.org
ast,astwiktionary,wiktionary,https://ast.wiktionary.org
atj,atjwiki,wiki,https://atj.wikipedia.org
av,avwiki,wiki,https://av.wikipedia.org
ay,aywiki,wiki,https://ay.wikipedia.org
ay,aywiktionary,wiktionary,https://ay.wiktionary.org
az,azwiki,wiki,https://az.wikipedia.org
az,azwiktionary,wiktionary,https://az.wiktionary.org
az,azwikibooks,wikibooks,https://az.wikibooks.org
az,azwikiquote,wikiquote,https://az.wikiquote.org
az,azwikisource,wikisource,https://az.wikisource.org
azb,azbwiki,wiki,https://azb.wikipedia.org
ba,bawiki,wiki,https://ba.wikipedia.org
ba,bawikibooks,wikibooks,https://ba.wikibooks.org
ban,banwiki,wiki,https://ban.wikipedia.org
bar,barwiki,wiki,https://bar.wikipedia.org
bat-smg,bat_smgwiki,wiki,https://bat-smg.wikipedia.org
bcl,bclwiki,wiki,https://bcl.wikipedia.org
be,bewiki,wiki,https://be.wikipedia.org
be,bewiktionary,wiktionary,https://be.wiktionary.org
be,bewikibooks,wikibooks,https://be.wikibooks.org
be,bewikiquote,wikiquote,https://be.wikiquote.org
be,bewikisource,wikisource,https://be.wikisource.org
be-tarask,be_x_oldwiki,wiki,https://be-tarask.wikipedia.org
bg,bgwiki,wiki,https://bg.wikipedia.org
bg,bgwiktionary,wiktionary,https://bg.wiktionary.org
bg,bgwikibooks,wikibooks,https://bg.wikibooks.org
bg,bgwikiquote,wikiquote,https://bg.wikiquote.org
bg,bgwikisource,wikisource,https://bg.wikisource.org
bh,bhwiki,wiki,https://bh.wikipedia.org
bi,biwiki,wiki,https://bi.wikipedia.org
bjn,bjnwiki,wiki,https://bjn.wikipedia.org
bm,bmwiki,wiki,https://bm.wikipedia.org
bn,bnwiki,wiki,https://bn.wikipedia.org
bn,bnwiktionary,wiktionary,https://bn.wiktionary.org
bn,bnwikibooks,wikibooks,https://bn.wikibooks.org
bn,bnwikisource,wikisource,https://bn.wikisource.org
bn,bnwikivoyage,wikivoyage,https://bn.wikivoyage.org
bo,bowiki,wiki,https://bo.wikipedia.org
bpy,bpywiki,wiki,https://bpy.wikipedia.org
br,brwiki,wiki,https://br.wikipedia.org
br,brwiktionary,wiktionary,https://br.wiktionary.org
br,brwikiquote,wikiquote,https://br.wikiquote.org
br,brwikisource,wikisource,https://br.wikisource.org
bs,bswiki,wiki,https://bs.wikipedia.org
bs,bswiktionary,wiktionary,https://bs.wiktionary.org
bs,bswikibooks,wikibooks,https://bs.wikibooks.org
bs,bswikinews,wikinews,https://bs.wikinews.org
bs,bswikiquote,wikiquote,https://bs.wikiquote.org
bs,bswikisource,wikisource,https://bs.wikisource.org
bug,bugwiki,wiki,https://bug.wikipedia.org
bxr,bxrwiki,wiki,https://bxr.wikipedia.org
ca,cawiki,wiki,https://ca.wikipedia.org
ca,cawiktionary,wiktionary,https://ca.wiktionary.org
ca,cawikibooks,wikibooks,https://ca.wikibooks.org
ca,cawikinews,wikinews,https://ca.wikinews.org
ca,cawikiquote,wikiquote,https://ca.wikiquote.org
ca,cawikisource,wikisource,https://ca.wikisource.org
cbk-zam,cbk_zamwiki,wiki,https://cbk-zam.wikipedia.org
cdo,cdowiki,wiki,https://cdo.wikipedia.org
ce,cewiki,wiki,https://ce.wikipedia.org
ceb,cebwiki,wiki,https://ceb.wikipedia.org
ch,chwiki,wiki,https://ch.wikipedia.org
chr,chrwiki,wiki,https://chr.wikipedia.org
chr,chrwiktionary,wiktionary,https://chr.wiktionary.org
chy,chywiki,wiki,https://chy.wikipedia.org
ckb,ckbwiki,wiki,https://ckb.wikipedia.org
co,cowiki,wiki,https://co.wikipedia.org
co,cowiktionary,wiktionary,https://co.wiktionary.org
cr,crwiki,wiki,https://cr.wikipedia.org
crh,crhwiki,wiki,https://crh.wikipedia.org
cs,cswiki,wiki,https://cs.wikipedia.org
cs,cswiktionary,wiktionary,https://cs.wiktionary.org
cs,cswikibooks,wikibooks,https://cs.wikibooks.org
cs,cswikinews,wikinews,https://cs.wikinews.org
cs,cswikiquote,wikiquote,https://cs.wikiquote.org
cs,cswikisource,wikisource,https://cs.wikisource.org
cs,cswikiversity,wikiversity,https://cs.wikiversity.org
csb,csbwiki,wiki,https://csb.wikipedia.org
csb,csbwiktionary,wiktionary,https://csb.wiktionary.org
cu,cuwiki,wiki,https://cu.wikipedia.org
cv,cvwiki,wiki,https://cv.wikipedia.org
cv,cvwikibooks,wikibooks,https://cv.wikibooks.org
cy,cywiki,wiki,https://cy.wikipedia.org
cy,cywiktionary,wiktionary,https://cy.wiktionary.org
cy,cywikibooks,wikibooks,https://cy.wikibooks.org
cy,cywikiquote,wikiquote,https://cy.wikiquote.org
cy,cywikisource,wikisource,https://cy.wikisource.org
da,dawiki,wiki,https://da.wikipedia.org
da,dawiktionary,wiktionary,https://da.wiktionary.org
da,dawikibooks,wikibooks,https://da.wikibooks.org
da,dawikiquote,wikiquote,https://da.wikiquote.org
da,dawikisource,wikisource,https://da.wikisource.org
de,dewiki,wiki,https://de.wikipedia.org
de,dewiktionary,wiktionary,https://de.wiktionary.org
de,dewikibooks,wikibooks,https://de.wikibooks.org
de,dewikinews,wikinews,https://de.wikinews.org
de,dewikiquote,wikiquote,https://de.wikiquote.org
de,dewikisource,wikisource,https://de.wikisource.org
de,dewikiversity,wikiversity,https://de.wikiversity.org
de,dewikivoyage,wikivoyage,https://de.wikivoyage.org
din,dinwiki,wiki,https://din.wikipedia.org
diq,diqwiki,wiki,https://diq.wikipedia.org
dsb,dsbwiki,wiki,https://dsb.wikipedia.org
dty,dtywiki,wiki,https://dty.wikipedia.org
dv,dvwiki,wiki,https://dv.wikipedia.org
dv,dvwiktionary,wiktionary,https://dv.wiktionary.org
dz,dzwiki,wiki,https://dz.wikipedia.org
ee,eewiki,wiki,https://ee.wikipedia.org
el,elwiki,wiki,https://el.wikipedia.org
el,elwiktionary,wiktionary,https://el.wiktionary.org
el,elwikibooks,wikibooks,https://el.wikibooks.org
el,elwikinews,wikinews,https://el.wikinews.org
el,elwikiquote,wikiquote,https://el.wikiquote.org
el,elwikisource,wikisource,https://el.wikisource.org
el,elwikiversity,wikiversity,https://el.wikiversity.org
el,elwikivoyage,wikivoyage,https://el.wikivoyage.org
eml,emlwiki,wiki,https://eml.wikipedia.org
en,enwiki,wiki,https://en.wikipedia.org
en,enwiktionary,wiktionary,https://en.wiktionary.org
en,enwikibooks,wikibooks,https://en.wikibooks.org
en,enwikinews,wikinews,https://en.wikinews.org
en,enwikiquote,wikiquote,https://en.wikiquote.org
en,enwikisource,wikisource,https://en.wikisource.org
en,enwikiversity,wikiversity,https://en.wikiversity.org
en,enwikivoyage,wikivoyage,https://en.wikivoyage.org
eo,eowiki,wiki,https://eo.wikipedia.org
eo,eowiktionary,wiktionary,https://eo.wiktionary.org
eo,eowikibooks,wikibooks,https://eo.wikibooks.org
eo,eowikinews,wikinews,https://eo.wikinews.org
eo,eowikiquote,wikiquote,https://eo.wikiquote.org
eo,eowikisource,wikisource,https://eo.wikisource.org
es,eswiki,wiki,https://es.wikipedia.org
es,eswiktionary,wiktionary,https://es.wiktionary.org
es,eswikibooks,wikibooks,https://es.wikibooks.org
es,eswikinews,wikinews,https://es.wikinews.org
es,eswikiquote,wikiquote,https://es.wikiquote.org
es,eswikisource,wikisource,https://es.wikisource.org
es,eswikiversity,wikiversity,https://es.wikiversity.org
es,eswikivoyage,wikivoyage,https://es.wikivoyage.org
et,etwiki,wiki,https://et.wikipedia.org
et,etwiktionary,wiktionary,https://et.wiktionary.org
et,etwikibooks,wikibooks,https://et.wikibooks.org
et,etwikiquote,wikiquote,https://et.wikiquote.org
et,etwikisource,wikisource,https://et.wikisource.org
eu,euwiki,wiki,https://eu.wikipedia.org
eu,euwiktionary,wiktionary,https://eu.wiktionary.org
eu,euwikibooks,wikibooks,https://eu.wikibooks.org
eu,euwikiquote,wikiquote,https://eu.wikiquote.org
eu,euwikisource,wikisource,https://eu.wikisource.org
ext,extwiki,wiki,https://ext.wikipedia.org
fa,fawiki,wiki,https://fa.wikipedia.org
fa,fawiktionary,wiktionary,https://fa.wiktionary.org
fa,fawikibooks,wikibooks,https://fa.wikibooks.org
fa,fawikinews,wikinews,https://fa.wikinews.org
fa,fawikiquote,wikiquote,https://fa.wikiquote.org
fa,fawikisource,wikisource,https://fa.wikisource.org
fa,fawikivoyage,wikivoyage,https://fa.wikivoyage.org
ff,ffwiki,wiki,https://ff.wikipedia.org
fi,fiwiki,wiki,https://fi.wikipedia.org
fi,fiwiktionary,wiktionary,https://fi.wiktionary.org
fi,fiwikibooks,wikibooks,https://fi.wikibooks.org
fi,fiwikinews,wikinews,https://fi.wikinews.org
fi,fiwikiquote,wikiquote,https://fi.wikiquote.org
fi,fiwikisource,wikisource,https://fi.wikisource.org
fi,fiwikiversity,wikiversity,https://fi.wikiversity.org
fi,fiwikivoyage,wikivoyage,https://fi.wikivoyage.org
fiu-vro,fiu_vrowiki,wiki,https://fiu-vro.wikipedia.org
fj,fjwiki,wiki,https://fj.wikipedia.org
fj,fjwiktionary,wiktionary,https://fj.wiktionary.org
fo,fowiki,wiki,https://fo.wikipedia.org
fo,fowiktionary,wiktionary,https://fo.wiktionary.org
fo,fowikisource,wikisource,https://fo.wikisource.org
fr,frwiki,wiki,https://fr.wikipedia.org
fr,frwiktionary,wiktionary,https://fr.wiktionary.org
fr,frwikibooks,wikibooks,https://fr.wikibooks.org
fr,frwikinews,wikinews,https://fr.wikinews.org
fr,frwikiquote,wikiquote,https://fr.wikiquote.org
fr,frwikisource,wikisource,https://fr.wikisource.org
fr,frwikiversity,wikiversity,https://fr.wikiversity.org
fr,frwikivoyage,wikivoyage,https://fr.wikivoyage.org
frp,frpwiki,wiki,https://frp.wikipedia.org
frr,frrwiki,wiki,https://frr.wikipedia.org
fur,furwiki,wiki,https://fur.wikipedia.org
fy,fywiki,wiki,https://fy.wikipedia.org
fy,fywiktionary,wiktionary,https://fy.wiktionary.org
fy,fywikibooks,wikibooks,https://fy.wikibooks.org
ga,gawiki,wiki,https://ga.wikipedia.org
ga,gawiktionary,wiktionary,https://ga.wiktionary.org
gag,gagwiki,wiki,https://gag.wikipedia.org
gan,ganwiki,wiki,https://gan.wikipedia.org
gcr,gcrwiki,wiki,https://gcr.wikipedia.org
gd,gdwiki,wiki,https://gd.wikipedia.org
gd,gdwiktionary,wiktionary,https://gd.wiktionary.org
gl,glwiki,wiki,https://gl.wikipedia.org
gl,glwiktionary,wiktionary,https://gl.wiktionary.org
gl,glwikibooks,wikibooks,https://gl.wikibooks.org
gl,glwikiquote,wikiquote,https://gl.wikiquote.org
gl,glwikisource,wikisource,https://gl.wikisource.org
glk,glkwiki,wiki,https://glk.wikipedia.org
gn,gnwiki,wiki,https://gn.wikipedia.org
gn,gnwiktionary,wiktionary,https://gn.wiktionary.org
gom,gomwiki,wiki,https://gom.wikipedia.org
gor,gorwiki,wiki,https://gor.wikipedia.org
got,gotwiki,wiki,https://got.wikipedia.org
gu,guwiki,wiki,https://gu.wikipedia.org
gu,guwiktionary,wiktionary,https://gu.wiktionary.org
gu,guwikiquote,wikiquote,https://gu.wikiquote.org
gu,guwikisource,wikisource,https://gu.wikisource.org
gv,gvwiki,wiki,https://gv.wikipedia.org
gv,gvwiktionary,wiktionary,https://gv.wiktionary.org
ha,hawiki,wiki,https://ha.wikipedia.org
ha,hawiktionary,wiktionary,https://ha.wiktionary.org
hak,hakwiki,wiki,https://hak.wikipedia.org
haw,hawwiki,wiki,https://haw.wikipedia.org
he,hewiki,wiki,https://he.wikipedia.org
he,hewiktionary,wiktionary,https://he.wiktionary.org
he,hewikibooks,wikibooks,https://he.wikibooks.org
he,hewikinews,wikinews,https://he.wikinews.org
he,hewikiquote,wikiquote,https://he.wikiquote.org
he,hewikisource,wikisource,https://he.wikisource.org
he,hewikivoyage,wikivoyage,https://he.wikivoyage.org
hi,hiwiki,wiki,https://hi.wikipedia.org
hi,hiwiktionary,wiktionary,https://hi.wiktionary.org
hi,hiwikibooks,wikibooks,https://hi.wikibooks.org
hi,hiwikiquote,wikiquote,https://hi.wikiquote.org
hi,hiwikisource,wikisource,https://hi.wikisource.org
hi,hiwikiversity,wikiversity,https://hi.wikiversity.org
hi,hiwikivoyage,wikivoyage,https://hi.wikivoyage.org
hif,hifwiki,wiki,https://hif.wikipedia.org
hif,hifwiktionary,wiktionary,https://hif.wiktionary.org
hr,hrwiki,wiki,https://hr.wikipedia.org
hr,hrwiktionary,wiktionary,https://hr.wiktionary.org
hr,hrwikibooks,wikibooks,https://hr.wikibooks.org
hr,hrwikiquote,wikiquote,https://hr.wikiquote.org
hr,hrwikisource,wikisource,https://hr.wikisource.org
hsb,hsbwiki,wiki,https://hsb.wikipedia.org
hsb,hsbwiktionary,wiktionary,https://hsb.wiktionary.org
ht,htwiki,wiki,https://ht.wikipedia.org
hu,huwiki,wiki,https://hu.wikipedia.org
hu,huwiktionary,wiktionary,https://hu.wiktionary.org
hu,huwikibooks,wikibooks,https://hu.wikibooks.org
hu,huwikiquote,wikiquote,https://hu.wikiquote.org
hu,huwikisource,wikisource,https://hu.wikisource.org
hy,hywiki,wiki,https://hy.wikipedia.org
hy,hywiktionary,wiktionary,https://hy.wiktionary.org
hy,hywikibooks,wikibooks,https://hy.wikibooks.org
hy,hywikiquote,wikiquote,https://hy.wikiquote.org
hy,hywikisource,wikisource,https://hy.wikisource.org
hyw,hywwiki,wiki,https://hyw.wikipedia.org
ia,iawiki,wiki,https://ia.wikipedia.org
ia,iawiktionary,wiktionary,https://ia.wiktionary.org
ia,iawikibooks,wikibooks,https://ia.wikibooks.org
id,idwiki,wiki,https://id.wikipedia.org
id,idwiktionary,wiktionary,https://id.wiktionary.org
id,idwikibooks,wikibooks,https://id.wikibooks.org
id,idwikiquote,wikiquote,https://id.wikiquote.org
id,idwikisource,wikisource,https://id.wikisource.org
ie,iewiki,wiki,https://ie.wikipedia.org
ie,iewiktionary,wiktionary,https://ie.wiktionary.org
ig,igwiki,wiki,https://ig.wikipedia.org
ik,ikwiki,wiki,https://ik.wikipedia.org
ilo,ilowiki,wiki,https://ilo.wikipedia.org
inh,inhwiki,wiki,https://inh.wikipedia.org
io,iowiki,wiki,https://io.wikipedia.org
io,iowiktionary,wiktionary,https://io.wiktionary.org
is,iswiki,wiki,https://is.wikipedia.org
is,iswiktionary,wiktionary,https://is.wiktionary.org
is,iswikibooks,wikibooks,https://is.wikibooks.org
is,iswikiquote,wikiquote,https://is.wikiquote.org
is,iswikisource,wikisource,https://is.wikisource.org
it,itwiki,wiki,https://it.wikipedia.org
it,itwiktionary,wiktionary,https://it.wiktionary.org
it,itwikibooks,wikibooks,https://it.wikibooks.org
it,itwikinews,wikinews,https://it.wikinews.org
it,itwikiquote,wikiquote,https://it.wikiquote.org
it,itwikisource,wikisource,https://it.wikisource.org
it,itwikiversity,wikiversity,https://it.wikiversity.org
it,itwikivoyage,wikivoyage,https://it.wikivoyage.org
iu,iuwiki,wiki,https://iu.wikipedia.org
iu,iuwiktionary,wiktionary,https://iu.wiktionary.org
ja,jawiki,wiki,https://ja.wikipedia.org
ja,jawiktionary,wiktionary,https://ja.wiktionary.org
ja,jawikibooks,wikibooks,https://ja.wikibooks.org
ja,jawikinews,wikinews,https://ja.wikinews.org
ja,jawikiquote,wikiquote,https://ja.wikiquote.org
ja,jawikisource,wikisource,https://ja.wikisource.org
ja,jawikiversity,wikiversity,https://ja.wikiversity.org
jam,jamwiki,wiki,https://jam.wikipedia.org
jbo,jbowiki,wiki,https://jbo.wikipedia.org
jbo,jbowiktionary,wiktionary,https://jbo.wiktionary.org
jv,jvwiki,wiki,https://jv.wikipedia.org
jv,jvwiktionary,wiktionary,https://jv.wiktionary.org
ka,kawiki,wiki,https://ka.wikipedia.org
ka,kawiktionary,wiktionary,https://ka.wiktionary.org
ka,kawikibooks,wikibooks,https://ka.wikibooks.org
ka,kawikiquote,wikiquote,https://ka.wikiquote.org
kaa,kaawiki,wiki,https://kaa.wikipedia.org
kab,kabwiki,wiki,https://kab.wikipedia.org
kbd,kbdwiki,wiki,https://kbd.wikipedia.org
kbp,kbpwiki,wiki,https://kbp.wikipedia.org
kg,kgwiki,wiki,https://kg.wikipedia.org
ki,kiwiki,wiki,https://ki.wikipedia.org
kk,kkwiki,wiki,https://kk.wikipedia.org
kk,kkwiktionary,wiktionary,https://kk.wiktionary.org
kk,kkwikibooks,wikibooks,https://kk.wikibooks.org
kl,klwiki,wiki,https://kl.wikipedia.org
kl,klwiktionary,wiktionary,https://kl.wiktionary.org
km,kmwiki,wiki,https://km.wikipedia.org
km,kmwiktionary,wiktionary,https://km.wiktionary.org
km,kmwikibooks,wikibooks,https://km.wikibooks.org
kn,knwiki,wiki,https://kn.wikipedia.org
kn,knwiktionary,wiktionary,https://kn.wiktionary.org
kn,knwikiquote,wikiquote,https://kn.wikiquote.org
kn,knwikisource,wikisource,https://kn.wikisource.org
ko,kowiki,wiki,https://ko.wikipedia.org
ko,kowiktionary,wiktionary,https://ko.wiktionary.org
ko,kowikibooks,wikibooks,https://ko.wikibooks.org
ko,kowikinews,wikinews,https://ko.wikinews.org
ko,kowikiquote,wikiquote,https://ko.wikiquote.org
ko,kowikisource,wikisource,https://ko.wikisource.org
ko,kowikiversity,wikiversity,https://ko.wikiversity.org
koi,koiwiki,wiki,https://koi.wikipedia.org
krc,krcwiki,wiki,https://krc.wikipedia.org
ks,kswiki,wiki,https://ks.wikipedia.org
ks,kswiktionary,wiktionary,https://ks.wiktionary.org
ksh,kshwiki,wiki,https://ksh.wikipedia.org
ku,kuwiki,wiki,https://ku.wikipedia.org
ku,kuwiktionary,wiktionary,https://ku.wiktionary.org
ku,kuwikibooks,wikibooks,https://ku.wikibooks.org
ku,kuwikiquote,wikiquote,https://ku.wikiquote.org
kv,kvwiki,wiki,https://kv.wikipedia.org
kw,kwwiki,wiki,https://kw.wikipedia.org
kw,kwwiktionary,wiktionary,https://kw.wiktionary.org
ky,kywiki,wiki,https://ky.wikipedia.org
ky,kywiktionary,wiktionary,https://ky.wiktionary.org
ky,kywikibooks,wikibooks,https://ky.wikibooks.org
ky,kywikiquote,wikiquote,https://ky.wikiquote.org
la,lawiki,wiki,https://la.wikipedia.org
la,lawiktionary,wiktionary,https://la.wiktionary.org
la,lawikibooks,wikibooks,https://la.wikibooks.org
la,lawikiquote,wikiquote,https://la.wikiquote.org
la,lawikisource,wikisource,https://la.wikisource.org
lad,ladwiki,wiki,https://lad.wikipedia.org
lb,lbwiki,wiki,https://lb.wikipedia.org
lb,lbwiktionary,wiktionary,https://lb.wiktionary.org
lbe,lbewiki,wiki,https://lbe.wikipedia.org
lez,lezwiki,wiki,https://lez.wikipedia.org
lfn,lfnwiki,wiki,https://lfn.wikipedia.org
lg,lgwiki,wiki,https://lg.wikipedia.org
li,liwiki,wiki,https://li.wikipedia.org
li,liwiktionary,wiktionary,https://li.wiktionary.org
li,liwikibooks,wikibooks,https://li.wikibooks.org
li,liwikinews,wikinews,https://li.wikinews.org
li,liwikiquote,wikiquote,https://li.wikiquote.org
li,liwikisource,wikisource,https://li.wikisource.org
lij,lijwiki,wiki,https://lij.wikipedia.org
lmo,lmowiki,wiki,https://lmo.wikipedia.org
ln,lnwiki,wiki,https://ln.wikipedia.org
ln,lnwiktionary,wiktionary,https://ln.wiktionary.org
lo,lowiki,wiki,https://lo.wikipedia.org
lo,lowiktionary,wiktionary,https://lo.wiktionary.org
lrc,lrcwiki,wiki,https://lrc.wikipedia.org
lt,ltwiki,wiki,https://lt.wikipedia.org
lt,ltwiktionary,wiktionary,https://lt.wiktionary.org
lt,ltwikibooks,wikibooks,https://lt.wikibooks.org
lt,ltwikiquote,wikiquote,https://lt.wikiquote.org
lt,ltwikisource,wikisource,https://lt.wikisource.org
ltg,ltgwiki,wiki,https://ltg.wikipedia.org
lv,lvwiki,wiki,https://lv.wikipedia.org
lv,lvwiktionary,wiktionary,https://lv.wiktionary.org
mai,maiwiki,wiki,https://mai.wikipedia.org
map-bms,map_bmswiki,wiki,https://map-bms.wikipedia.org
mdf,mdfwiki,wiki,https://mdf.wikipedia.org
mg,mgwiki,wiki,https://mg.wikipedia.org
mg,mgwiktionary,wiktionary,https://mg.wiktionary.org
mg,mgwikibooks,wikibooks,https://mg.wikibooks.org
mhr,mhrwiki,wiki,https://mhr.wikipedia.org
mi,miwiki,wiki,https://mi.wikipedia.org
mi,miwiktionary,wiktionary,https://mi.wiktionary.org
min,minwiki,wiki,https://min.wikipedia.org
min,minwiktionary,wiktionary,https://min.wiktionary.org
mk,mkwiki,wiki,https://mk.wikipedia.org
mk,mkwiktionary,wiktionary,https://mk.wiktionary.org
mk,mkwikibooks,wikibooks,https://mk.wikibooks.org
mk,mkwikisource,wikisource,https://mk.wikisource.org
ml,mlwiki,wiki,https://ml.wikipedia.org
ml,mlwiktionary,wiktionary,https://ml.wiktionary.org
ml,mlwikibooks,wikibooks,https://ml.wikibooks.org
ml,mlwikiquote,wikiquote,https://ml.wikiquote.org
ml,mlwikisource,wikisource,https://ml.wikisource.org
mn,mnwiki,wiki,https://mn.wikipedia.org
mn,mnwiktionary,wiktionary,https://mn.wiktionary.org
mnw,mnwwiki,wiki,https://mnw.wikipedia.org
mr,mrwiki,wiki,https://mr.wikipedia.org
mr,mrwiktionary,wiktionary,https://mr.wiktionary.org
mr,mrwikibooks,wikibooks,https://mr.wikibooks.org
mr,mrwikiquote,wikiquote,https://mr.wikiquote.org
mr,mrwikisource,wikisource,https://mr.wikisource.org
mrj,mrjwiki,wiki,https://mrj.wikipedia.org
ms,mswiki,wiki,https://ms.wikipedia.org
ms,mswiktionary,wiktionary,https://ms.wiktionary.org
ms,mswikibooks,wikibooks,https://ms.wikibooks.org
mt,mtwiki,wiki,https://mt.wikipedia.org
mt,mtwiktionary,wiktionary,https://mt.wiktionary.org
mwl,mwlwiki,wiki,https://mwl.wikipedia.org
my,mywiki,wiki,https://my.wikipedia.org
my,mywiktionary,wiktionary,https://my.wiktionary.org
myv,myvwiki,wiki,https://myv.wikipedia.org
mzn,mznwiki,wiki,https://mzn.wikipedia.org
na,nawiki,wiki,https://na.wikipedia.org
na,nawiktionary,wiktionary,https://na.wiktionary.org
nah,nahwiki,wiki,https://nah.wikipedia.org
nah,nahwiktionary,wiktionary,https://nah.wiktionary.org
nap,napwiki,wiki,https://nap.wikipedia.org
nap,napwikisource,wikisource,https://nap.wikisource.org
nds,ndswiki,wiki,https://nds.wikipedia.org
nds,ndswiktionary,wiktionary,https://nds.wiktionary.org
nds-nl,nds_nlwiki,wiki,https://nds-nl.wikipedia.org
ne,newiki,wiki,https://ne.wikipedia.org
ne,newiktionary,wiktionary,https://ne.wiktionary.org
ne,newikibooks,wikibooks,https://ne.wikibooks.org
new,newwiki,wiki,https://new.wikipedia.org
nl,nlwiki,wiki,https://nl.wikipedia.org
nl,nlwiktionary,wiktionary,https://nl.wiktionary.org
nl,nlwikibooks,wikibooks,https://nl.wikibooks.org
nl,nlwikinews,wikinews,https://nl.wikinews.org
nl,nlwikiquote,wikiquote,https://nl.wikiquote.org
nl,nlwikisource,wikisource,https://nl.wikisource.org
nl,nlwikivoyage,wikivoyage,https://nl.wikivoyage.org
nn,nnwiki,wiki,https://nn.wikipedia.org
nn,nnwiktionary,wiktionary,https://nn.wiktionary.org
nn,nnwikiquote,wikiquote,https://nn.wikiquote.org
no,nowiki,wiki,https://no.wikipedia.org
no,nowiktionary,wiktionary,https://no.wiktionary.org
no,nowikibooks,wikibooks,https://no.wikibooks.org
no,nowikinews,wikinews,https://no.wikinews.org
no,nowikiquote,wikiquote,https://no.wikiquote.org
no,nowikisource,wikisource,https://no.wikisource.org
nov,novwiki,wiki,https://nov.wikipedia.org
nqo,nqowiki,wiki,https://nqo.wikipedia.org
nrm,nrmwiki,wiki,https://nrm.wikipedia.org
nso,nsowiki,wiki,https://nso.wikipedia.org
nv,nvwiki,wiki,https://nv.wikipedia.org
ny,nywiki,wiki,https://ny.wikipedia.org
oc,ocwiki,wiki,https://oc.wikipedia.org
oc,ocwiktionary,wiktionary,https://oc.wiktionary.org
oc,ocwikibooks,wikibooks,https://oc.wikibooks.org
olo,olowiki,wiki,https://olo.wikipedia.org
om,omwiki,wiki,https://om.wikipedia.org
om,omwiktionary,wiktionary,https://om.wiktionary.org
or,orwiki,wiki,https://or.wikipedia.org
or,orwiktionary,wiktionary,https://or.wiktionary.org
or,orwikisource,wikisource,https://or.wikisource.org
os,oswiki,wiki,https://os.wikipedia.org
pa,pawiki,wiki,https://pa.wikipedia.org
pa,pawiktionary,wiktionary,https://pa.wiktionary.org
pa,pawikibooks,wikibooks,https://pa.wikibooks.org
pa,pawikisource,wikisource,https://pa.wikisource.org
pag,pagwiki,wiki,https://pag.wikipedia.org
pam,pamwiki,wiki,https://pam.wikipedia.org
pap,papwiki,wiki,https://pap.wikipedia.org
pcd,pcdwiki,wiki,https://pcd.wikipedia.org
pdc,pdcwiki,wiki,https://pdc.wikipedia.org
pfl,pflwiki,wiki,https://pfl.wikipedia.org
pi,piwiki,wiki,https://pi.wikipedia.org
pih,pihwiki,wiki,https://pih.wikipedia.org
pl,plwiki,wiki,https://pl.wikipedia.org
pl,plwiktionary,wiktionary,https://pl.wiktionary.org
pl,plwikibooks,wikibooks,https://pl.wikibooks.org
pl,plwikinews,wikinews,https://pl.wikinews.org
pl,plwikiquote,wikiquote,https://pl.wikiquote.org
pl,plwikisource,wikisource,https://pl.wikisource.org
pl,plwikivoyage,wikivoyage,https://pl.wikivoyage.org
pms,pmswiki,wiki,https://pms.wikipedia.org
pms,pmswikisource,wikisource,https://pms.wikisource.org
pnb,pnbwiki,wiki,https://pnb.wikipedia.org
pnb,pnbwiktionary,wiktionary,https://pnb.wiktionary.org
pnt,pntwiki,wiki,https://pnt.wikipedia.org
ps,pswiki,wiki,https://ps.wikipedia.org
ps,pswiktionary,wiktionary,https://ps.wiktionary.org
ps,pswikivoyage,wikivoyage,https://ps.wikivoyage.org
pt,ptwiki,wiki,https://pt.wikipedia.org
pt,ptwiktionary,wiktionary,https://pt.wiktionary.org
pt,ptwikibooks,wikibooks,https://pt.wikibooks.org
pt,ptwikinews,wikinews,https://pt.wikinews.org
pt,ptwikiquote,wikiquote,https://pt.wikiquote.org
pt,ptwikisource,wikisource,https://pt.wikisource.org
pt,ptwikiversity,wikiversity,https://pt.wikiversity.org
pt,ptwikivoyage,wikivoyage,https://pt.wikivoyage.org
qu,quwiki,wiki,https://qu.wikipedia.org
qu,quwiktionary,wiktionary,https://qu.wiktionary.org
rm,rmwiki,wiki,https://rm.wikipedia.org
rmy,rmywiki,wiki,https://rmy.wikipedia.org
rn,rnwiki,wiki,https://rn.wikipedia.org
ro,rowiki,wiki,https://ro.wikipedia.org
ro,rowiktionary,wiktionary,https://ro.wiktionary.org
ro,rowikibooks,wikibooks,https://ro.wikibooks.org
ro,rowikinews,wikinews,https://ro.wikinews.org
ro,rowikiquote,wikiquote,https://ro.wikiquote.org
ro,rowikisource,wikisource,https://ro.wikisource.org
ro,rowikivoyage,wikivoyage,https://ro.wikivoyage.org
roa-rup,roa_rupwiki,wiki,https://roa-rup.wikipedia.org
roa-rup,roa_rupwiktionary,wiktionary,https://roa-rup.wiktionary.org
roa-tara,roa_tarawiki,wiki,https://roa-tara.wikipedia.org
ru,ruwiki,wiki,https://ru.wikipedia.org
ru,ruwiktionary,wiktionary,https://ru.wiktionary.org
ru,ruwikibooks,wikibooks,https://ru.wikibooks.org
ru,ruwikinews,wikinews,https://ru.wikinews.org
ru,ruwikiquote,wikiquote,https://ru.wikiquote.org
ru,ruwikisource,wikisource,https://ru.wikisource.org
ru,ruwikiversity,wikiversity,https://ru.wikiversity.org
ru,ruwikivoyage,wikivoyage,https://ru.wikivoyage.org
rue,ruewiki,wiki,https://rue.wikipedia.org
rw,rwwiki,wiki,https://rw.wikipedia.org
rw,rwwiktionary,wiktionary,https://rw.wiktionary.org
sa,sawiki,wiki,https://sa.wikipedia.org
sa,sawiktionary,wiktionary,https://sa.wiktionary.org
sa,sawikibooks,wikibooks,https://sa.wikibooks.org
sa,sawikiquote,wikiquote,https://sa.wikiquote.org
sa,sawikisource,wikisource,https://sa.wikisource.org
sah,sahwiki,wiki,https://sah.wikipedia.org
sah,sahwikiquote,wikiquote,https://sah.wikiquote.org
sah,sahwikisource,wikisource,https://sah.wikisource.org
sat,satwiki,wiki,https://sat.wikipedia.org
sc,scwiki,wiki,https://sc.wikipedia.org
scn,scnwiki,wiki,https://scn.wikipedia.org
scn,scnwiktionary,wiktionary,https://scn.wiktionary.org
sco,scowiki,wiki,https://sco.wikipedia.org
sd,sdwiki,wiki,https://sd.wikipedia.org
sd,sdwiktionary,wiktionary,https://sd.wiktionary.org
se,sewiki,wiki,https://se.wikipedia.org
sg,sgwiki,wiki,https://sg.wikipedia.org
sg,sgwiktionary,wiktionary,https://sg.wiktionary.org
sh,shwiki,wiki,https://sh.wikipedia.org
sh,shwiktionary,wiktionary,https://sh.wiktionary.org
shn,shnwiki,wiki,https://shn.wikipedia.org
shy,shywiktionary,wiktionary,https://shy.wiktionary.org
si,siwiki,wiki,https://si.wikipedia.org
si,siwiktionary,wiktionary,https://si.wiktionary.org
si,siwikibooks,wikibooks,https://si.wikibooks.org
simple,simplewiki,wiki,https://simple.wikipedia.org
simple,simplewiktionary,wiktionary,https://simple.wiktionary.org
sk,skwiki,wiki,https://sk.wikipedia.org
sk,skwiktionary,wiktionary,https://sk.wiktionary.org
sk,skwikibooks,wikibooks,https://sk.wikibooks.org
sk,skwikiquote,wikiquote,https://sk.wikiquote.org
sk,skwikisource,wikisource,https://sk.wikisource.org
sl,slwiki,wiki,https://sl.wikipedia.org
sl,slwiktionary,wiktionary,https://sl.wiktionary.org
sl,slwikibooks,wikibooks,https://sl.wikibooks.org
sl,slwikiquote,wikiquote,https://sl.wikiquote.org
sl,slwikisource,wikisource,https://sl.wikisource.org
sl,slwikiversity,wikiversity,https://sl.wikiversity.org
sm,smwiki,wiki,https://sm.wikipedia.org
sm,smwiktionary,wiktionary,https://sm.wiktionary.org
sn,snwiki,wiki,https://sn.wikipedia.org
so,sowiki,wiki,https://so.wikipedia.org
so,sowiktionary,wiktionary,https://so.wiktionary.org
sq,sqwiki,wiki,https://sq.wikipedia.org
sq,sqwiktionary,wiktionary,https://sq.wiktionary.org
sq,sqwikibooks,wikibooks,https://sq.wikibooks.org
sq,sqwikinews,wikinews,https://sq.wikinews.org
sq,sqwikiquote,wikiquote,https://sq.wikiquote.org
sr,srwiki,wiki,https://sr.wikipedia.org
sr,srwiktionary,wiktionary,https://sr.wiktionary.org
sr,srwikibooks,wikibooks,https://sr.wikibooks.org
sr,srwikinews,wikinews,https://sr.wikinews.org
sr,srwikiquote,wikiquote,https://sr.wikiquote.org
sr,srwikisource,wikisource,https://sr.wikisource.org
srn,srnwiki,wiki,https://srn.wikipedia.org
ss,sswiki,wiki,https://ss.wikipedia.org
ss,sswiktionary,wiktionary,https://ss.wiktionary.org
st,stwiki,wiki,https://st.wikipedia.org
st,stwiktionary,wiktionary,https://st.wiktionary.org
stq,stqwiki,wiki,https://stq.wikipedia.org
su,suwiki,wiki,https://su.wikipedia.org
su,suwiktionary,wiktionary,https://su.wiktionary.org
su,suwikiquote,wikiquote,https://su.wikiquote.org
sv,svwiki,wiki,https://sv.wikipedia.org
sv,svwiktionary,wiktionary,https://sv.wiktionary.org
sv,svwikibooks,wikibooks,https://sv.wikibooks.org
sv,svwikinews,wikinews,https://sv.wikinews.org
sv,svwikiquote,wikiquote,https://sv.wikiquote.org
sv,svwikisource,wikisource,https://sv.wikisource.org
sv,svwikiversity,wikiversity,https://sv.wikiversity.org
sv,svwikivoyage,wikivoyage,https://sv.wikivoyage.org
sw,swwiki,wiki,https://sw.wikipedia.org
sw,swwiktionary,wiktionary,https://sw.wiktionary.org
szl,szlwiki,wiki,https://szl.wikipedia.org
szy,szywiki,wiki,https://szy.wikipedia.org
ta,tawiki,wiki,https://ta.wikipedia.org
ta,tawiktionary,wiktionary,https://ta.wiktionary.org
ta,tawikibooks,wikibooks,https://ta.wikibooks.org
ta,tawikinews,wikinews,https://ta.wikinews.org
ta,tawikiquote,wikiquote,https://ta.wikiquote.org
ta,tawikisource,wikisource,https://ta.wikisource.org
tcy,tcywiki,wiki,https://tcy.wikipedia.org
te,tewiki,wiki,https://te.wikipedia.org
te,tewiktionary,wiktionary,https://te.wiktionary.org
te,tewikibooks,wikibooks,https://te.wikibooks.org
te,tewikiquote,wikiquote,https://te.wikiquote.org
te,tewikisource,wikisource,https://te.wikisource.org
tet,tetwiki,wiki,https://tet.wikipedia.org
tg,tgwiki,wiki,https://tg.wikipedia.org
tg,tgwiktionary,wiktionary,https://tg.wiktionary.org
tg,tgwikibooks,wikibooks,https://tg.wikibooks.org
th,thwiki,wiki,https://th.wikipedia.org
th,thwiktionary,wiktionary,https://th.wiktionary.org
th,thwikibooks,wikibooks,https://th.wikibooks.org
th,thwikiquote,wikiquote,https://th.wikiquote.org
th,thwikisource,wikisource,https://th.wikisource.org
ti,tiwiki,wiki,https://ti.wikipedia.org
ti,tiwiktionary,wiktionary,https://ti.wiktionary.org
tk,tkwiki,wiki,https://tk.wikipedia.org
tk,tkwiktionary,wiktionary,https://tk.wiktionary.org
tl,tlwiki,wiki,https://tl.wikipedia.org
tl,tlwiktionary,wiktionary,https://tl.wiktionary.org
tl,tlwikibooks,wikibooks,https://tl.wikibooks.org
tn,tnwiki,wiki,https://tn.wikipedia.org
tn,tnwiktionary,wiktionary,https://tn.wiktionary.org
to,towiki,wiki,https://to.wikipedia.org
tpi,tpiwiki,wiki,https://tpi.wikipedia.org
tpi,tpiwiktionary,wiktionary,https://tpi.wiktionary.org
tr,trwiki,wiki,https://tr.wikipedia.org
tr,trwiktionary,wiktionary,https://tr.wiktionary.org
tr,trwikibooks,wikibooks,https://tr.wikibooks.org
tr,trwikinews,wikinews,https://tr.wikinews.org
tr,trwikiquote,wikiquote,https://tr.wikiquote.org
tr,trwikisource,wikisource,https://tr.wikisource.org
ts,tswiki,wiki,https://ts.wikipedia.org
ts,tswiktionary,wiktionary,https://ts.wiktionary.org
tt,ttwiki,wiki,https://tt.wikipedia.org
tt,ttwiktionary,wiktionary,https://tt.wiktionary.org
tt,ttwikibooks,wikibooks,https://tt.wikibooks.org
tum,tumwiki,wiki,https://tum.wikipedia.org
tw,twwiki,wiki,https://tw.wikipedia.org
ty,tywiki,wiki,https://ty.wikipedia.org
tyv,tyvwiki,wiki,https://tyv.wikipedia.org
udm,udmwiki,wiki,https://udm.wikipedia.org
ug,ugwiki,wiki,https://ug.wikipedia.org
ug,ugwiktionary,wiktionary,https://ug.wiktionary.org
uk,ukwiki,wiki,https://uk.wikipedia.org
uk,ukwiktionary,wiktionary,https://uk.wiktionary.org
uk,ukwikibooks,wikibooks,https://uk.wikibooks.org
uk,ukwikinews,wikinews,https://uk.wikinews.org
uk,ukwikiquote,wikiquote,https://uk.wikiquote.org
uk,ukwikisource,wikisource,https://uk.wikisource.org
uk,ukwikivoyage,wikivoyage,https://uk.wikivoyage.org
ur,urwiki,wiki,https://ur.wikipedia.org
ur,urwiktionary,wiktionary,https://ur.wiktionary.org
ur,urwikibooks,wikibooks,https://ur.wikibooks.org
ur,urwikiquote,wikiquote,https://ur.wikiquote.org
uz,uzwiki,wiki,https://uz.wikipedia.org
uz,uzwiktionary,wiktionary,https://uz.wiktionary.org
uz,uzwikiquote,wikiquote,https://uz.wikiquote.org
ve,vewiki,wiki,https://ve.wikipedia.org
vec,vecwiki,wiki,https://vec.wikipedia.org
vec,vecwiktionary,wiktionary,https://vec.wiktionary.org
vec,vecwikisource,wikisource,https://vec.wikisource.org
vep,vepwiki,wiki,https://vep.wikipedia.org
vi,viwiki,wiki,https://vi.wikipedia.org
vi,viwiktionary,wiktionary,https://vi.wiktionary.org
vi,viwikibooks,wikibooks,https://vi.wikibooks.org
vi,viwikiquote,wikiquote,https://vi.wikiquote.org
vi,viwikisource,wikisource,https://vi.wikisource.org
vi,viwikivoyage,wikivoyage,https://vi.wikivoyage.org
vls,vlswiki,wiki,https://vls.wikipedia.org
vo,vowiki,wiki,https://vo.wikipedia.org
vo,vowiktionary,wiktionary,https://vo.wiktionary.org
wa,wawiki,wiki,https://wa.wikipedia.org
wa,wawiktionary,wiktionary,https://wa.wiktionary.org
war,warwiki,wiki,https://war.wikipedia.org
wo,wowiki,wiki,https://wo.wikipedia.org
wo,wowiktionary,wiktionary,https://wo.wiktionary.org
wo,wowikiquote,wikiquote,https://wo.wikiquote.org
wuu,wuuwiki,wiki,https://wuu.wikipedia.org
xal,xalwiki,wiki,https://xal.wikipedia.org
xh,xhwiki,wiki,https://xh.wikipedia.org
xmf,xmfwiki,wiki,https://xmf.wikipedia.org
yi,yiwiki,wiki,https://yi.wikipedia.org
yi,yiwiktionary,wiktionary,https://yi.wiktionary.org
yi,yiwikisource,wikisource,https://yi.wikisource.org
yo,yowiki,wiki,https://yo.wikipedia.org
yue,yuewiktionary,wiktionary,https://yue.wiktionary.org
za,zawiki,wiki,https://za.wikipedia.org
zea,zeawiki,wiki,https://zea.wikipedia.org
zh,zhwiki,wiki,https://zh.wikipedia.org
zh,zhwiktionary,wiktionary,https://zh.wiktionary.org
zh,zhwikibooks,wikibooks,https://zh.wikibooks.org
zh,zhwikinews,wikinews,https://zh.wikinews.org
zh,zhwikiquote,wikiquote,https://zh.wikiquote.org
zh,zhwikisource,wikisource,https://zh.wikisource.org
zh,zhwikiversity,wikiversity,https://zh.wikiversity.org
zh,zhwikivoyage,wikivoyage,https://zh.wikivoyage.org
zh-classical,zh_classicalwiki,wiki,https://zh-classical.wikipedia.org
zh-min-nan,zh_min_nanwiki,wiki,https://zh-min-nan.wikipedia.org
zh-min-nan,zh_min_nanwiktionary,wiktionary,https://zh-min-nan.wiktionary.org
zh-min-nan,zh_min_nanwikisource,wikisource,https://zh-min-nan.wikisource.org
zh-yue,zh_yuewiki,wiki,https://zh-yue.wikipedia.org
zu,zuwiki,wiki,https://zu.wikipedia.org
zu,zuwiktionary,wiktionary,https://zu.wiktionary.org
